index,period,n_pixels,mean,median,std,min,p05,p95,max,positive_change_pct,negative_change_pct,stable_pct,positive_change_ha,negative_change_ha,stable_ha
NDVI,2019-2022,174621,-0.015311455354094505,-0.004141807556152344,0.1335671842098236,-0.9516927599906921,-0.251761257648468,0.16890087723731995,0.8965516686439514,3.13135304459372,7.640547242313353,89.22809971309292,54.68,133.42000000000002,1558.1100000000001
NDVI,2022-2025,174621,-0.027967914938926697,-0.011315345764160156,0.1117268055677414,-0.9238196015357971,-0.22483769059181213,0.12370932102203369,0.6714702844619751,1.3772684843174647,6.323981651691378,92.29874986399116,24.05,110.43,1611.73
NDVI,2019-2025,174621,-0.04327937215566635,-0.017592668533325195,0.14778482913970947,-0.9283826947212219,-0.3232846260070801,0.15596479177474976,0.8146998286247253,2.7545369686349295,12.200708963984859,85.04475406738021,48.1,213.05,1485.06
NDWI,2019-2022,213693,-0.007282879203557968,-0.0056104958057403564,0.12795951962471008,-0.911827564239502,-0.21570853888988495,0.20031902194023132,0.8560517430305481,5.016074461961787,6.0956605972118885,88.88826494082632,107.19,130.26,1899.48
NDWI,2022-2025,213693,0.010272938758134842,0.0034484267234802246,0.10893188416957855,-0.9225630760192871,-0.1405641883611679,0.18394017219543457,0.8262622356414795,4.153154291436781,2.577061485401955,93.26978422316127,88.75,55.07,1993.1100000000001
NDWI,2019-2025,213693,0.002990058623254299,-0.0022528916597366333,0.13924191892147064,-0.8283185362815857,-0.20181478559970856,0.2455350160598755,0.8411967158317566,7.245908850547281,5.130724918457787,87.62336623099493,154.84,109.64,1872.45
MNDWI,2019-2022,246187,0.02794538252055645,0.018949031829833984,0.10932443290948868,-0.5827571749687195,-0.12903723120689392,0.20698200166225433,0.9204742908477783,5.439361136046989,1.1710610227185025,93.38957784123451,133.91,28.830000000000002,2299.13
MNDWI,2022-2025,246187,-0.032794058322906494,-0.02626711130142212,0.11092038452625275,-1.0026392936706543,-0.2074165940284729,0.135268896818161,0.9830108284950256,2.7109473692762007,5.9377627575785885,91.35128987314522,66.74,146.18,2248.9500000000003
MNDWI,2019-2025,246187,-0.00484867487102747,-0.014531254768371582,0.12700872123241425,-0.6689910888671875,-0.18206492066383362,0.22077512741088867,0.940277636051178,5.871552925215385,3.3620784200627982,90.76636865472182,144.55,82.77,2234.55
